id,context
RE001,"Solar photovoltaic (PV) technology converts sunlight directly into electricity. Modern solar panels typically have efficiency ratings between 15-22%, though laboratory prototypes have achieved over 40%. The global solar PV capacity reached over 1000 GW in 2023, with China, the United States, Japan, and Germany as leading markets."
RE002,"Wind power harnesses the kinetic energy of moving air to generate electricity through wind turbines. Onshore wind farms are now among the cheapest sources of electricity in many regions, with levelized costs of energy (LCOE) as low as $30-60 per MWh. Offshore wind, while more expensive, offers higher capacity factors and is experiencing rapid cost reductions."
RE003,"Hydroelectric power remains the largest renewable electricity source globally, accounting for approximately 16% of worldwide electricity generation. Large-scale hydroelectric dams can store energy by pumping water uphill during periods of excess electricity and releasing it to generate power during peak demand, effectively serving as a form of grid-scale energy storage."
RE004,"Biomass energy is derived from organic materials like wood, agricultural residues, and municipal solid waste. While carbon is released when biomass is burned, the regrowth of biomass can recapture carbon dioxide, potentially making the process carbon-neutral over time if managed sustainably."
RE005,"Geothermal energy taps into the Earth's internal heat for electricity generation and direct heating applications. Geothermal power plants have capacity factors exceeding 90%, providing reliable baseload power. The global geothermal energy capacity is over 14 GW, with the United States, Indonesia, and the Philippines as leading producers."
RE006,"Energy storage is increasingly critical for renewable energy integration. Lithium-ion battery costs have fallen by over 90% since 2010, enabling widespread deployment. Other promising storage technologies include pumped hydro, compressed air, flow batteries, and green hydrogen production."
RE007,"Green hydrogen, produced through electrolysis of water using renewable electricity, is emerging as a versatile energy carrier. It can be used for industrial processes, transportation fuel, energy storage, and heating applications, potentially enabling decarbonization of sectors where direct electrification is challenging."
RE008,"Renewable energy grid integration challenges include variability, uncertainty, and location constraints. Solutions involve grid modernization, flexible generation resources, demand response, improved forecasting, and transmission expansion. Advanced inverters and grid-forming technologies are enabling renewables to provide grid stability services."
RE009,"Corporate renewable energy procurement has grown substantially, with companies signing Power Purchase Agreements (PPAs) to meet sustainability goals. The RE100 initiative includes over 350 major corporations committed to 100% renewable electricity. Virtual PPAs allow companies to support renewable energy development without physically receiving the electricity."
RE010,"Renewable energy policies include feed-in tariffs, renewable portfolio standards, tax incentives, carbon pricing, and auctions. The Inflation Reduction Act in the United States provides approximately $370 billion for clean energy and climate investments, including production and investment tax credits for renewable energy."
RE011,"Distributed energy resources (DERs) include rooftop solar, small wind turbines, fuel cells, and battery storage located near end-users. DERs can reduce transmission losses, increase grid resilience, and empower consumers. Net metering policies allow consumers to sell excess generation back to the grid."
RE012,Renewable energy certifications like Renewable Energy Certificates (RECs) and Guarantees of Origin (GOs) track the environmental attributes of renewable electricity. These tradable instruments enable consumers to claim the use of renewable energy and provide additional revenue streams for renewable energy projects.
RE013,"Floating solar photovoltaics (FPV) involve installing solar panels on water bodies, offering several advantages: no land use competition, higher efficiency due to cooling effects of water, reduced water evaporation, and potential synergies with hydropower infrastructure. Global floating solar capacity has grown rapidly, particularly in China, Japan, and South Korea."
RE014,"Building-integrated photovoltaics (BIPV) incorporate solar generation directly into building materials like roofing, windows, and facades. BIPV can provide both electricity generation and building functionality, improving aesthetics and space utilization compared to traditional solar installations. The global BIPV market is projected to grow significantly as costs decrease and performance improves."
RE015,"Tidal and wave energy harness the kinetic and potential energy of oceans. While less developed than other renewable sources, marine energy has enormous potential with predictable generation patterns. Leading projects include the MeyGen tidal stream project in Scotland and the Ocean Energy buoy in Hawaii."
RE016,"Agrivoltaics combines solar energy with agricultural production on the same land, providing benefits like reduced water requirements for crops, additional farmer income, and protection from extreme weather. Research shows certain crops thrive under the partial shade of solar panels, with yield increases reported for tomatoes, peppers, and some leafy greens."
RE017,"Green building certifications like LEED, BREEAM, and Passive House include significant renewable energy components. Buildings meeting these standards typically incorporate on-site renewable generation, energy storage, and efficient design to minimize environmental impact and operational costs."
RE018,Renewable energy in developing countries often leapfrogs traditional centralized grid infrastructure with distributed renewable solutions. Off-grid solar systems have provided electricity access to over 100 million people previously lacking power. Mobile payment systems have enabled innovative pay-as-you-go business models for solar home systems.
RE019,"Concentrated solar power (CSP) uses mirrors to focus sunlight onto a receiver, producing high-temperature heat for electricity generation. Unlike photovoltaics, CSP can incorporate thermal energy storage using molten salts, enabling dispatchable renewable electricity generation. Leading markets include Spain, the United States, Morocco, and the United Arab Emirates."
RE020,"Renewable energy supply chains face challenges including critical mineral availability for batteries and electronics, manufacturing capacity constraints, and geopolitical considerations. Recycling, material substitution, efficiency improvements, and diversified supply sources are strategies to address these challenges."
RE021,"The electrification of transportation relies heavily on renewable energy for true emissions reductions. Electric vehicles charged with renewable electricity produce dramatically lower lifecycle emissions than internal combustion vehicles. Vehicle-to-grid technology allows EVs to serve as distributed storage resources, supporting further renewable integration."
RE022,"Microgrids combining renewable generation, storage, and intelligent control systems provide energy resilience and can operate independently of the main grid during outages. Renewable microgrids are increasingly deployed in remote communities, islands, and critical infrastructure facilities. Advanced controllers enable optimal resource coordination and seamless transitions between grid-connected and islanded operation."
RE023,"Artificial intelligence applications in renewable energy include improved weather forecasting for generation prediction, automated drone inspection of wind turbines and solar farms, predictive maintenance to reduce downtime, and optimization of energy storage operation. Machine learning algorithms can improve grid integration of variable renewable resources."
RE024,"Renewable energy job creation outpaces fossil fuel sectors, with over 12 million people employed globally in renewable energy as of 2023. Solar PV is the largest employer among renewable technologies, followed by bioenergy, hydropower, and wind. The transition to renewable energy is expected to create a net increase in energy sector employment."
RE025,"Community renewable energy projects involve local ownership and governance of renewable energy assets. These projects increase public acceptance, distribute economic benefits locally, and enable participation by individuals who cannot install their own systems. Community solar programs allow multiple customers to share the benefits of a single solar array."
RE026,"Concentrated solar thermal systems can provide industrial process heat, which accounts for approximately 20% of global energy consumption. Applications include food processing, textile production, chemical manufacturing, and desalination. Temperatures up to 400Â°C can be achieved with commercial technologies, covering approximately 75% of industrial heat demand."
RE027,"Renewable energy auctions have become the predominant procurement mechanism globally, replacing fixed feed-in tariffs in many markets. Competitive bidding has driven rapid cost reductions, with record-low prices achieved in regions with favorable resources and financing conditions. Design elements like ceiling prices, local content requirements, and delivery schedules impact auction outcomes."
RE028,"BiPV (Building-integrated Photovoltaics) technologies integrate solar power generation directly into building materials. Solar roof tiles, transparent solar windows, and solar facades can generate electricity while functioning as normal building components. This approach reduces total construction costs compared to separate building and solar installations."
RE029,"Floating offshore wind turbines expand the potential for wind energy by accessing deeper waters where winds are stronger and more consistent. Unlike fixed-bottom installations limited to shallow waters (typically under 60m), floating platforms can be deployed in depths exceeding 200m. Major projects are under development in the UK, Japan, and Norway."
RE030,"Perovskite solar cells represent a breakthrough technology with potential for higher efficiency and lower production costs than conventional silicon cells. Perovskites can be manufactured using solution processing techniques at low temperatures, requiring less energy and investment than silicon wafer production. Tandem cells combining perovskites with silicon have achieved efficiencies over 30% in laboratory settings."
